0	1	Error	Rate
36	8	0.18181818181818182	 =8/44
8	99	0.07476635514018691	 =8/107
44	107	0.10596026490066225	 =16/151
