0	1	Error	Rate
54	26	0.325	 =26/80
3	68	0.04225352112676056	 =3/71
57	94	0.19205298013245034	 =29/151
