0	1	Error	Rate
68	12	0.15	 =12/80
7	64	0.09859154929577464	 =7/71
75	76	0.12582781456953643	 =19/151
