0	1	Error	Rate
6	21	0.7777777777777778	 =21/27
2	122	0.016129032258064516	 =2/124
8	143	0.152317880794702	 =23/151
