0	1	Error	Rate
77	3	0.0375	 =3/80
5	66	0.07042253521126761	 =5/71
82	69	0.052980132450331126	 =8/151
